sample_key,idx,verifier_group,target,project,cwe,func_char_len,func_line_count,func_signature,zero_shot_pred,icl_pred,old_rag_pred,positive_weighted_rag_pred,balanced_grouped_no_label_bc_pred,retrieval_top1_evidence_role,retrieval_pos_neg_margin_max,method_pred_entropy,top_calls
idx:442189,442189,icl_method_only,0,qemu,CWE-835,493,14,"e1000_send_packet(E1000State *s, const uint8_t *buf, int size)",1,0,1,1,1,vulnerable_changed,0.0005339980125427246,0.8112781244591328,e1000_send_packet|qemu_get_queue|qemu_receive_packet|qemu_send_packet|inc_tx_bcast_or_mcast_count|e1000x_increase_size_stats
idx:220100,220100,icl_method_only,0,linux,CWE-909,1686,78,"nfs4_file_open(struct inode *inode, struct file *filp)",1,0,1,0,1,vulnerable_changed,0.0028592944145202637,1.0,file_dentry|d_inode|PTR_ERR|IS_ERR|nfs4_file_open|lookup|create|dprintk|file|nfs_check_flags|dget_parent|alloc_nfs_open_context|filemap_write_and_wait|NFS_PROTO|open_context|nfs_file_set_open_context|nfs_fscache_open_file|put_nfs_open_context|dput|d_drop
idx:338747,338747,icl_method_only,0,ImageMagick,CWE-772,13644,418,"static Image *ReadTGAImage(const ImageInfo *image_info,",1,0,1,1,1,safe_background,0.0,0.5435644431995964,ScaleCharToQuantum|ReadBlobByte|ThrowReaderException|ReadBlob|ReadBlobLSBShort|ScaleAnyToQuantum|assert|SetImageArtifact|ClampToQuantum|DestroyImageList|EOFBlob|AcquireImageColormap|CloseBlob|GetQuantumRange|ConstrainColormapIndex|ReadTGAImage|LogMagickEvent|GetMagickModule|AcquireImage|OpenBlob
idx:417093,417093,icl_method_only,0,MilkyTracker,CWE-416,251,17,PlayerGeneric::~PlayerGeneric(),1,0,0,0,0,safe_background,-0.009276151657104492,0.954434002924965,PlayerGeneric|isActive|isDeviceRemoved|removeDevice
idx:273091,273091,icl_method_only,0,owntone-server,CWE-416,2738,95,"net_bind(short unsigned *port, int type, const char *log_service_name)",1,0,1,0,0,vulnerable_changed,0.001396775245666504,0.8112781244591328,DPRINTF|setsockopt|cfg_getsec|close|strerror|net_bind|cfg_getstr|cfg_getbool|snprintf|getaddrinfo|gai_strerror|socket|bind|freeaddrinfo|address|assigned|getsockname|net_port_get|net_address_get
idx:326119,326119,icl_method_only,0,vim,CWE-416,34649,1495,regmatch(,1,0,1,0,1,vulnerable_changed,0.008198976516723633,1.0,ADVANCE_REGINPUT|OPERAND|regstack_pop|regstack_push|reg_restore|OP|reg_save|mch_errmsg|STRLEN|_|regnext|reg_getline|vim_iswordc_buf|VIM_ISDIGIT|cstrncmp|save_se|restore_se|WITH_NL|re_num_cmp|MB_TOLOWER
idx:446416,446416,icl_method_only,0,rizin,CWE-787,2834,110,static RzDyldRebaseInfos *get_rebase_infos(RzDyldCache *cache) {,1,0,1,1,1,vulnerable_changed,0.0008574128150939941,0.5435644431995964,free|RZ_NEWS0|rz_buf_read_le32_at|get_rebase_info|get_rebase_infos|RZ_NEW0|rz_buf_fread_at|memcpy
idx:259619,259619,icl_method_only,0,libjpeg,CWE-787,1217,34,void HierarchicalBitmapRequester::PrepareForEncoding(void),1,0,0,0,1,vulnerable_changed,0.004355490207672119,1.0,PrepareForEncoding|AllocMem|memset|BuildCommon|ComponentOf|SubXOf|SubYOf|CreateDownsampler|TablesOf|isDownsamplingInterpolated
idx:424522,424522,icl_method_only,0,FreeRDP,CWE-190,1645,69,"static PresentationContext* PresentationContext_new(VideoClientContext* video, BYTE PresentationId,",1,0,1,1,1,vulnerable_changed,0.0069866180419921875,0.5435644431995964,WLog_ERR|PresentationContext_new|calloc|h264_context_new|h264_context_reset|Stream_New|BufferPool_Take|createSurface|yuv_context_new|yuv_context_reset|deleteSurface|BufferPool_Return|Stream_Free|h264_context_free|free
idx:247550,247550,icl_method_only,0,envoy,CWE-362,2972,62,"void DefaultCertValidator::updateDigestForSessionId(bssl::ScopedEVP_MD_CTX& md,",1,0,1,0,0,vulnerable_changed,0.0003101229667663574,0.954434002924965,RELEASE_ASSERT|get|getLastCryptoError|value_or|EVP_DigestUpdate|data|size|decltype|updateDigestForSessionId|X509_digest|EVP_sha256|format|subjectAltNameMatchers|hash|certificateRevocationList|empty|length|allowExpiredCertificate|trustChainVerification|onlyVerifyLeafCertificateCrl
idx:446096,446096,icl_method_only,0,linux,CWE-416,535,24,static void atusb_disconnect(struct usb_interface *interface),1,0,1,1,1,vulnerable_changed,0.001225590705871582,0.5435644431995964,atusb_disconnect|usb_get_intfdata|dev_dbg|cancel_delayed_work_sync|usb_kill_anchored_urbs|atusb_free_urbs|usb_kill_urb|usb_free_urb|ieee802154_unregister_hw|usb_put_dev|ieee802154_free_hw|usb_set_intfdata|pr_debug
idx:312399,312399,icl_method_only,0,vim,CWE-703,1303,52,"call_qftf_func(qf_list_T *qfl, int qf_winid, long start_idx, long end_idx)",1,0,0,0,1,fixed_changed,-0.0018973350524902344,0.954434002924965,dict_add_number|call_qftf_func|dict_alloc_lock|IS_QF_LIST|call_callback|clear_tv|dict_unref
idx:267357,267357,icl_method_only,0,crun,CWE-276,3362,93,"crun_command_exec (struct crun_global_arguments *global_args, int argc, char **argv, libcrun_error_t *err)",1,0,0,1,1,vulnerable_changed,0.0033065080642700195,0.954434002924965,dup_array|getenv|xmalloc0|crun_command_exec|memset|argp_parse|crun_assert_n_args|init_libcrun_context|UNLIKELY|strtoll|xstrdup|make_oci_process_user|xmalloc|libcrun_container_exec_with_options
idx:270767,270767,icl_method_only,0,barebox,CWE-200,1388,65,"static int check_passwd(unsigned char *passwd, size_t length)",1,0,1,1,0,vulnerable_changed,0.003004133701324463,1.0,IS_ENABLED|crypto_memneq|check_passwd|digest_alloc|pr_err|digest_length|calloc|is_passwd_env_enable|read_env_passwd|is_passwd_default_enable|read_default_passwd|pkcs5_pbkdf2_hmac_sha1|digest_digest|free|digest_free
idx:405333,405333,icl_method_only,0,linux,CWE-703,954,47,"static int xfrm_expand_policies(const struct flowi *fl, u16 family,",1,0,1,0,0,vulnerable_context,0.002516627311706543,1.0,IS_ERR|PTR_ERR|xfrm_expand_policies|xfrm_policy_lookup_bytype|xp_net|xfrm_pols_put
idx:232839,232839,icl_method_only,0,tensorflow,CWE-703,1205,26,void Compute(OpKernelContext* context) override {,1,0,1,0,1,fixed_changed,-0.0013327598571777344,0.8112781244591328,OP_REQUIRES|OP_REQUIRES_OK|input|InvalidArgument|Compute|QuantileStreamResource|CreateResource|HandleFromInput|ok|code
idx:319422,319422,icl_method_only,0,ImageMagick6,CWE-787,15774,420,"static Image *ReadCINImage(const ImageInfo *image_info,ExceptionInfo *exception)",1,0,1,1,1,vulnerable_changed,0.0,0.5435644431995964,ReadBlob|ReadBlobFloat|ReadBlobByte|CopyMagickString|SetImageProperty|ReadBlobLong|IsFloatDefined|FormatImageProperty|ThrowReaderException|assert|DestroyImageList|memset|GetBlobSize|CloseBlob|GetBytesPerRow|ReadCINImage|LogMagickEvent|GetMagickModule|AcquireImage|OpenBlob
idx:472123,472123,icl_method_only,0,linux,CWE-416,2262,86,"int cgroup1_parse_param(struct fs_context *fc, struct fs_parameter *param)",1,0,0,0,1,fixed_changed,-6.622076034545898e-05,0.954434002924965,invalfc|strcmp|invalf|cgroup1_parse_param|cgroup_fc2context|fs_parse|for_each_subsys|cgroup_ssid_enabled|cgroup1_ssid_disabled|isalnum
idx:506428,506428,icl_method_only,0,core,CWE-125,342,20,"rpa_read_buffer(pool_t pool, const unsigned char **data,",1,0,1,0,1,vulnerable_context,0.004462599754333496,1.0,rpa_read_buffer|p_malloc|memcpy
idx:276921,276921,icl_method_only,0,u-boot,CWE-787,2212,106,"static int do_i2c_md(struct cmd_tbl *cmdtp, int flag, int argc,",1,0,1,1,1,vulnerable_changed,0.0013740062713623047,0.5435644431995964,CONFIG_IS_ENABLED|hextoul|printf|i2c_report_err|puts|do_i2c_md|get_alen|i2c_get_cur_bus_chip|i2c_set_chip_offset_len|dm_i2c_read|i2c_read|putc
idx:336807,336807,icl_method_only,0,ghostpdl,CWE-787,920,26,"lprn_is_black(gx_device_printer * pdev, int r, int h, int bx)",1,0,1,0,1,vulnerable_changed,0.005755364894866943,0.8112781244591328,lprn_is_black|gdev_mem_bytes_per_scan_line
idx:301429,301429,icl_method_only,0,samba,CWE-665,8880,330,"static NTSTATUS vfswrap_fsctl(struct vfs_handle_struct *handle,",1,0,0,0,1,vulnerable_changed,0.004195272922515869,0.954434002924965,DEBUG|fsp_fnum_dbg|TALLOC_FREE|SIVAL|NT_STATUS_IS_OK|talloc_array|push_file_id_16|max_data_count|DEBUGADD|MIN|sid_string_dbg|BVAL|SBVAL|vfswrap_fsctl|file_set_sparse|smb_fname_str_dbg|nt_errstr|memcpy|create_volume_objectid|Copies
idx:232329,232329,icl_method_only,0,gpac,CWE-476,15893,499,"static GF_Err gf_isom_parse_movie_boxes_internal(GF_ISOFile *mov, u32 *boxType, u64 *bytesMissing, Bool progressive_mode)",1,0,1,1,1,vulnerable_changed,0.005853891372680664,0.5435644431995964,gf_isom_box_del|gf_list_add|GF_LOG|gf_list_count|gf_list_get|gf_bs_get_position|senc_Parse|gf_isom_push_mdat_end|gf_isom_meta_restore_items_ref|convert_compact_sample_groups|gf_isom_box_new|gf_list_del_item|gf_isom_parse_movie_boxes_internal|assert|gf_bs_seek|gf_bs_available|gf_isom_parse_root_box|gf_isom_setup_traf_inheritance|gf_isom_box_array_del|one
idx:227022,227022,icl_method_only,0,weechat,CWE-476,3216,105,IRC_PROTOCOL_CALLBACK(352),1,0,1,0,1,vulnerable_changed,0.004722297191619873,0.8112781244591328,strlen|free|s|IRC_PROTOCOL_CALLBACK|IRC_PROTOCOL_MIN_ARGS|message|strcmp|irc_channel_search|irc_nick_search|malloc|snprintf|irc_nick_set_host|irc_nick_set_away|weechat_hashtable_has_key|strdup|who|weechat_printf_date_tags|irc_msgbuffer_get_target_buffer|irc_protocol_tags|weechat_prefix
idx:238322,238322,icl_method_only,0,barebox,CWE-200,305,20,"int digest_generic_verify(struct digest *d, const unsigned char *md)",1,0,1,0,0,fixed_changed,-0.0016684532165527344,0.8112781244591328,digest_generic_verify|digest_length|xmalloc|digest_final|crypto_memneq|free
idx:412332,412332,icl_method_only,0,rizin,CWE-415,144,5,static RzList *maps(RzBinFile *bf) {,1,0,0,0,1,safe_background,-0.011324584484100342,0.8112781244591328,maps|rz_return_val_if_fail|rz_list_clone
idx:223089,223089,icl_method_only,0,ImageMagick,CWE-190,8029,257,"static Image *ReadPCLImage(const ImageInfo *image_info,ExceptionInfo *exception)",1,0,1,1,1,vulnerable_changed,0.011409521102905273,0.5435644431995964,FormatLocaleString|assert|memset|sscanf|floor|ParseAbsoluteGeometry|DestroyImageList|LocaleNCompare|strlen|GetDelegateInfo|ReadBlobByte|CastDoubleToLong|DestroyImage|AcquireString|CopyMagickString|DestroyString|RelinquishUniqueFileResource|ReadPCLImage|LogMagickEvent|GetMagickModule
idx:233862,233862,icl_method_only,0,deark,CWE-369,1471,49,"void fmtutil_macbitmap_read_pixmap_only_fields(deark *c, dbuf *f, struct fmtutil_macbitmap_info *bi,",1,0,1,0,0,vulnerable_changed,0.0006301999092102051,0.954434002924965,de_dbg|dbuf_getu16be|dbuf_getu32be|de_dbg_indent|pict_read_fixed|fmtutil_macbitmap_read_pixmap_only_fields
idx:442587,442587,icl_method_only,0,spice,CWE-193,1193,42,"void *memslot_get_virt(RedMemSlotInfo *info, QXLPHYSICAL addr, uint32_t add_size,",1,0,1,1,1,vulnerable_changed,0.0020112991333007812,0.8112781244591328,spice_critical|print_memslots|memslot_get_virt|memslot_get_id|memslot_get_generation|__get_clean_virt|memslot_validate_virt
idx:264367,264367,icl_method_only,0,tensorflow,CWE-345,2392,61,"bool TensorSliceReader::CopySliceData(const string& name,",1,0,1,1,1,safe_background,-0.00042563676834106445,0.5435644431995964,data|VLOG|DebugString|FindTensorSlice|shape|num_elements|CopySliceData|l|LoadAllShards|FindWithDefault|CHECK_GE|EncodeTensorNameSlice|Get|ParseProtoUnlimited|SliceTensorShape|ok|CopyDataFromTensorSliceToTensorSlice
idx:500044,500044,icl_method_only,0,openssl,CWE-20,1670,56,kssl_keytab_is_available(KSSL_CTX *kssl_ctx),1,0,0,0,0,fixed_changed,-0.006928682327270508,0.954434002924965,kssl_keytab_is_available|krb5_init_context|krb5_kt_resolve|krb5_kt_default|krb5_sname_to_principal|krb5_kt_get_entry|krb5_kt_free_entry|krb5_kt_close|krb5_free_principal|krb5_free_context
idx:220168,220168,icl_method_only,0,tensorflow,CWE-401,5125,104,"void DecodePngV2(OpKernelContext* context, StringPiece input) {",1,0,1,1,1,vulnerable_changed,0.004166901111602783,0.5435644431995964,OP_REQUIRES|InvalidArgument|CommonFinishDecode|size|CommonFreeDecode|OP_REQUIRES_OK|allocate_output|TensorShape|data|get|DecodePngV2|CommonInitDecode|MakeCleanup|TODO|decode_|uint16|buffer|buf|max|device
idx:286739,286739,icl_method_only,0,swtpm,CWE-125,1391,45,"SWTPM_NVRAM_CheckHeader(unsigned char *data, uint32_t length,",1,0,1,1,1,vulnerable_changed,0.0013467669486999512,0.5435644431995964,logprintf|ntohs|SWTPM_NVRAM_CheckHeader|ntohl|htonl
idx:448912,448912,icl_method_only,0,zlib,CWE-787,26047,678,"int ZEXPORT inflate(strm, flush)",1,0,1,1,1,vulnerable_changed,0.010508298873901367,0.8112781244591328,DROPBITS|BITS|NEEDBITS|INITBITS|Tracev|crc32|PULLBYTE|inflate|CRC2|Tracevv|RESTORE|inflate_table|LOAD|adler32|zmemcpy|ZSWAP32|BYTEBITS|UPDATE_CHECK|updatewindow|inflateStateCheck
idx:500663,500663,icl_method_only,0,libssh,CWE-399,2430,90,"int sftp_mkdir(sftp_session sftp, const char *directory, mode_t mode) {",1,0,0,0,1,vulnerable_changed,0.003929734230041504,0.954434002924965,ssh_buffer_free|ssh_set_error_oom|ssh_string_free|sftp_message_free|sftp_set_error|status_msg_free|ssh_set_error|sftp_mkdir|ssh_buffer_new|ssh_string_from_char|ZERO_STRUCT|sftp_get_new_id|buffer_add_u32|buffer_add_ssh_string|buffer_add_attributes|sftp_packet_write|sftp_read_and_dispatch|sftp_dequeue|parse_status_msg|sftp_lstat
idx:308163,308163,icl_method_only,0,linux,CWE-401,686,29,"static int fastrpc_dma_buf_attach(struct dma_buf *dmabuf,",1,0,0,0,0,vulnerable_changed,0.0010898709297180176,1.0,fastrpc_dma_buf_attach|kzalloc|dma_get_sgtable|FASTRPC_PHYS|dev_err|kfree|INIT_LIST_HEAD|mutex_lock|list_add|mutex_unlock
idx:389760,389760,icl_method_only,0,jasper,CWE-703,4234,170,"cmdopts_t *cmdopts_parse(int argc, char **argv)",1,0,1,0,0,vulnerable_changed,0.005607903003692627,0.954434002924965,fprintf|atoi|addopt|cmdopts_destroy|badusage|cmdopts_parse|malloc|exit|get_default_max_mem_usage|jas_getopt|strtoull
idx:215948,215948,icl_method_only,1,nettle,CWE-310,1312,60,"ecc_256_modp (const struct ecc_modulo *p, mp_limb_t *rp)",0,1,0,0,1,vulnerable_changed,0.012684822082519531,1.0,ecc_256_modp|assert|mpn_submul_1|cnd_sub_n|cnd_add_n
idx:279948,279948,icl_method_only,0,vim,CWE-787,1360,55,"ex_copy(linenr_T line1, linenr_T line2, linenr_T n)",1,0,1,1,1,safe_background,-0.00045734643936157227,0.5435644431995964,destination|source|vim_strsave|ml_append|ex_copy|u_save|ml_get|vim_free|appended_lines_mark|check_pos|msgmore
idx:219931,219931,icl_method_only,0,tensorflow,CWE-617,3008,80,"Status ConstantFolding::EvaluateOneFoldable(const NodeDef& node,",1,0,0,0,1,vulnerable_changed,0.005847573280334473,0.954434002924965,dtype|Status|StrCat|at|size|name|TF_RETURN_IF_ERROR|InvalidArgument|tensor_shape|EvaluateOneFoldable|MakeCleanup|input|ParseTensorName|index|GetNode|IsReallyConstant|CheckAttrExists|attr|tensor|ToString
idx:435409,435409,icl_method_only,0,ghostpdl,CWE-120,4557,118,"jetp3852_print_page(gx_device_printer *pdev, gp_file *prn_stream)",1,0,1,1,1,vulnerable_context,0.0022016167640686035,0.5435644431995964,gp_fputs|spread3|gp_fprintf|jetp3852_print_page|DATA_SIZE|memset|gdev_mem_bytes_per_scan_line|emprintf2|return_error|gdev_prn_copy_scan_lines|in|gp_fputc|gp_fwrite
idx:379334,379334,icl_method_only,0,vim,CWE-787,9168,364,parse_command_modifiers(,1,0,1,1,1,vulnerable_changed,0.0052356719970703125,0.5435644431995964,checkforcmd_noparen|_|skipwhite|ends_excmd|VIM_ISWHITE|mch_memmove|getline_equal|has_cmdmod|checkforcmd_opt|defined|ends_excmd2|parse_command_modifiers|in_vim9script|CLEAR_POINTER|STRNCMP|command|comment_start|vim_strchr|skip_range|func
idx:232289,232289,icl_method_only,0,libjpeg,CWE-703,6336,173,bool SampleInterleavedLSScan::ParseMCU(void),1,0,1,1,1,vulnerable_changed,0.005180239677429199,0.5435644431995964,UpdateContext|QuantizedGradient|HeightOf|assert|GetContext|GolombParameter|GolombDecode|InverseErrorMapping|ErrorMappingOffset|Reconstruct|UpdateState|ParseMCU|FractionalColorBitsOf|CurrentLine|StartLine|BeginReadMCU|ByteStreamOf|isRunMode|DecodeRun|error
idx:431633,431633,icl_method_only,0,ImageMagick,CWE-787,15822,417,"static Image *ReadCINImage(const ImageInfo *image_info,ExceptionInfo *exception)",1,0,1,1,1,vulnerable_changed,0.005995392799377441,0.5435644431995964,ReadBlob|ReadBlobFloat|ReadBlobByte|CopyMagickString|SetImageProperty|ReadBlobLong|IsFloatDefined|FormatImageProperty|ThrowReaderException|assert|DestroyImageList|memset|GetBlobSize|CloseBlob|GetBytesPerRow|ReadCINImage|LogMagickEvent|GetMagickModule|AcquireImage|OpenBlob
idx:463134,463134,icl_method_only,0,cyrus-imapd,CWE-732,3416,106,"static int write_entry(struct mailbox *mailbox,",1,0,0,0,1,vulnerable_changed,0.00784599781036377,1.0,syslog|key_as_string|tid|s|buf_free|write_entry|_annotate_getdb|annotate_begin|make_key|read_old_value|memcmp|mailbox_quota_check|mailbox_annot_changed|cyrusdb_delete|make_entry|cyrusdb_store|sync_log_annotation|annotate_putdb
idx:232405,232405,icl_method_only,0,tensorflow,CWE-476,2915,58,"void MakeDataset(OpKernelContext* ctx, DatasetBase** output) override {",1,0,0,0,1,vulnerable_changed,0.0026079416275024414,1.0,shape|OP_REQUIRES|DebugString|OP_REQUIRES_OK|InvalidArgument|input|NumElements|IsVector|MakeDataset|IsMatrix|TODO|order|parse_example|dim_size|Unimplemented|std_order|Create|TensorShape|move
idx:256441,256441,icl_method_only,0,pjproject,CWE-200,1449,48,PJ_DEF(pj_status_t) pjmedia_rtcp_fb_parse_rpsi(,1,0,0,1,1,vulnerable_changed,0.0011413097381591797,0.8112781244591328,PJ_PERROR|PJ_ASSERT_RETURN|PJ_DEF|pjmedia_rtcp_fb_parse_rpsi|pj_ntohs|pj_strset
idx:224154,224154,icl_method_only,0,mruby,CWE-476,1318,59,"gen_hash(codegen_scope *s, node *tree, int val, int limit)",1,0,0,1,1,vulnerable_context,0.0025893449783325195,0.954434002924965,cursp|genop_2|pop|push|pop_n|codegen|gen_hash|nint|genop_1
idx:365760,365760,icl_method_only,0,linux,CWE-703,827,35,static void sixpack_close(struct tty_struct *tty),1,0,1,0,1,vulnerable_changed,0.005418658256530762,0.8112781244591328,del_timer_sync|kfree|sixpack_close|write_lock_irq|write_unlock_irq|refcount_dec_and_test|wait_for_completion|netif_stop_queue|unregister_netdev|free_netdev
idx:210520,210520,icl_method_only,1,vim,CWE-125,3834,183,get_lisp_indent(void),0,1,0,0,1,safe_background,0.0007871389389038086,1.0,findmatch|lbr_chartabsize_adv|VIM_ISWHITE|ml_get_curline|get_indent|let|lbr_chartabsize|get_lisp_indent|vim_strchr|LT_POSP|same|linewhite|rules|instead|of|lisp_match
idx:195308,195308,icl_baseline_only,1,flatpak,CWE-20,10440,275,"setup_seccomp (FlatpakBwrap   *bwrap,",1,0,1,0,1,vulnerable_changed,0.001347362995147705,0.8112781244591328,SCMP_SYS|flatpak_fail_error|_|SCMP_ACT_ERRNO|SCMP_A0|strcmp|seccomp_rule_add|defined|G_N_ELEMENTS|SCMP_A1|clone3|seccomp_arch_add|g_return_val_if_fail|seccomp_rule_add_exact|setup_seccomp|__attribute__|cleanup|tty|clone|g_auto
idx:498160,498160,icl_baseline_only,0,nettle,CWE-310,1552,74,"ecc_256_modp (const struct ecc_modulo *p, mp_limb_t *rp)",0,1,0,0,1,vulnerable_changed,0.012684941291809082,0.954434002924965,ecc_256_modp|assert|q1|q2|mpn_submul_1|cnd_sub_n|cnd_add_n
idx:210551,210551,icl_baseline_only,1,oniguruma,CWE-125,3190,134,"expand_case_fold_string(Node* node, regex_t* reg)",1,0,0,0,1,vulnerable_changed,0.004279673099517822,1.0,IS_NULL|onig_node_free|onig_node_list_add|IS_NOT_NULL|expand_case_fold_string|STR_|NODE_STRING_IS_AMBIG|ONIGENC_GET_CASE_FOLD_CODES_BY_STR|enclen|onig_node_new_str|onig_node_str_cat|expand_case_fold_string_alt|NODE_CAR|expand_case_fold_make_rem_string|swap_node
idx:206670,206670,icl_baseline_only,1,nbdkit,CWE-924,18843,536,negotiate_handshake_newstyle_options (void),1,0,0,1,1,vulnerable_changed,0.004711747169494629,0.8112781244591328,send_newstyle_option_reply|debug|name_of_nbd_opt|conn_recv_full|nbdkit_error|be32toh|memcpy|check_export_name|send_newstyle_option_reply_meta_context|finish_newstyle_options|be16toh|backend_finalize|backend_close|send_newstyle_option_reply_info_str|strncmp|negotiate_handshake_newstyle_options|be64toh|long|malloc|memset
idx:195742,195742,icl_baseline_only,1,gpac,CWE-476,15815,498,"static GF_Err gf_isom_parse_movie_boxes_internal(GF_ISOFile *mov, u32 *boxType, u64 *bytesMissing, Bool progressive_mode)",1,0,0,1,1,vulnerable_changed,0.012874484062194824,0.8112781244591328,gf_isom_box_del|gf_list_add|GF_LOG|gf_list_count|gf_list_get|gf_bs_get_position|senc_Parse|gf_isom_push_mdat_end|gf_isom_meta_restore_items_ref|convert_compact_sample_groups|gf_isom_box_new|gf_list_del_item|gf_isom_parse_movie_boxes_internal|assert|gf_bs_seek|gf_bs_available|gf_isom_parse_root_box|gf_isom_setup_traf_inheritance|gf_isom_box_array_del|one
idx:445881,445881,icl_baseline_only,0,file-roller,CWE-22,1868,59,_fr_window_ask_overwrite_dialog (OverwriteData *odata),0,1,0,0,1,vulnerable_changed,0.0021238327026367188,1.0,GTK_WINDOW|_|_fr_window_ask_overwrite_dialog|_g_path_get_relative_basename_safe|g_file_get_child|g_file_query_info_async|g_object_unref|_g_string_list_free|_fr_window_archive_extract_from_edata|_gtk_message_dialog_new|gtk_dialog_set_default_response|GTK_DIALOG|fr_window_show_error_dialog|fr_window_stop_batch|g_free
idx:198259,198259,icl_baseline_only,1,tensorflow,CWE-369,1647,33,void Compute(OpKernelContext* context) override {,1,0,1,1,1,vulnerable_changed,0.02518153190612793,0.954434002924965,OP_REQUIRES_OK|size|input|dim_size|Compute|input_list|DCHECK_GT|ValidateIndices|OP_REQUIRES|dims|InvalidArgument|MakeSplits|WriteSplits|WriteValues
idx:196316,196316,icl_baseline_only,1,barebox,CWE-200,292,18,"int digest_generic_verify(struct digest *d, const unsigned char *md)",1,0,1,1,1,fixed_changed,-0.001987636089324951,0.5435644431995964,digest_generic_verify|digest_length|xmalloc|digest_final|memcmp|free
idx:204412,204412,icl_baseline_only,1,bpf,CWE-787,1123,42,"static void *__bpf_ringbuf_reserve(struct bpf_ringbuf *rb, u64 size)",1,0,0,1,0,safe_background,0.0005410909652709961,0.954434002924965,smp_load_acquire|spin_unlock_irqrestore|__bpf_ringbuf_reserve|unlikely|round_up|in_nmi|spin_trylock_irqsave|spin_lock_irqsave|than|bpf_ringbuf_rec_pg_off|smp_store_release
idx:208107,208107,icl_baseline_only,1,linux,CWE-703,913,44,"static int xfrm_expand_policies(const struct flowi *fl, u16 family,",1,0,0,0,1,vulnerable_changed,0.0027914047241210938,1.0,IS_ERR|PTR_ERR|xfrm_expand_policies|xfrm_policy_lookup_bytype|xp_net|xfrm_pols_put
idx:210887,210887,icl_baseline_only,1,qemu,CWE-835,491,14,"e1000_send_packet(E1000State *s, const uint8_t *buf, int size)",1,0,1,1,1,vulnerable_context,0.00038635730743408203,0.8112781244591328,e1000_send_packet|qemu_get_queue|receive|qemu_send_packet|inc_tx_bcast_or_mcast_count|e1000x_increase_size_stats
idx:213370,213370,icl_baseline_only,1,glib,CWE-754,3733,117,"g_socket_client_connected_callback (GObject      *source,",1,0,0,0,1,vulnerable_context,0.005446016788482666,1.0,connection_attempt_unref|enumerator_next_async|g_object_unref|g_clear_error|g_steal_pointer|g_socket_client_emit_event|_|g_socket_client_connected_callback|g_task_return_error_if_cancelled|g_source_destroy|g_clear_pointer|g_socket_connection_connect_finish|G_SOCKET_CONNECTION|g_cancellable_is_cancelled|clarify_connect_error|set_last_error|connection_attempt_remove|g_slist_next|g_cancellable_cancel|g_slist_free
idx:197719,197719,icl_baseline_only,1,tensorflow,CWE-125,2111,45,void Compute(OpKernelContext* context) override {,1,0,1,1,1,vulnerable_changed,0.057861506938934326,0.5435644431995964,OP_REQUIRES_OK|size|allocate_output|TensorShape|Compute|input_list|set_values|input|mutable_nested_splits|reserve|append_splits|move|splits|OP_REQUIRES|Internal|encoded_vector_t
idx:212822,212822,icl_baseline_only,1,ghostpdl,CWE-787,501,14,"pcl_status_read(byte * data, uint max_data, pcl_state_t * pcs)",1,0,1,0,1,safe_background,-0.001347959041595459,0.954434002924965,pcl_status_read|min|memcpy|gs_free_object
idx:195029,195029,icl_baseline_only,1,tensorflow,CWE-125,2052,62,void Node::RunForwardTypeInference() {,1,0,1,0,1,vulnerable_changed,0.002110421657562256,0.954434002924965,size|DebugString|DCHECK|dst_input|at|ClearTypeInfo|def|type_id|args_size|emplace_back|RunForwardTypeInference|VLOG|input_nodes|input_idx|IsControlEdge|src|src_output|FullTypeDef|has_experimental_type|experimental_type
idx:216654,216654,icl_baseline_only,1,core,CWE-20,4342,109,"auth_request_get_var_expand_table_full(const struct auth_request *auth_request,",1,0,0,0,1,vulnerable_changed,0.0036500096321105957,0.954434002924965,escape_func|dec2str|t_strcut|strchr|net_ip2addr|auth_request_get_var_expand_table_full|N_ELEMENTS|t_malloc|memset|memcpy|strrchr
idx:225062,225062,icl_baseline_only,0,postgres,CWE-522,47132,1623,PQconnectPoll(PGconn *conn),0,1,0,0,0,vulnerable_changed,0.006590843200683594,0.5435644431995964,libpq_gettext|appendPQExpBuffer|appendPQExpBufferStr|SOCK_STRERROR|PQclear|PQgetResult|pg_getaddrinfo_all|pg_is_in_recovery|IS_AF_UNIX|PQisBusy|sendTerminateConn|pqReadData|gai_strerror|free|socket|setsockopt|send|strcmp|pqPacketSend|pqGetc
idx:202256,202256,icl_baseline_only,1,qtbase,CWE-787,9164,235,"void QPaintEngineEx::stroke(const QVectorPath &path, const QPen &inPen)",1,0,1,1,1,vulnerable_changed,0.002602994441986084,0.5435644431995964,state|x|y|lineTo|points|size|moveTo|hasImplicitClose|data|elementCount|widthF|strokePath|QTransform|stroke|style|isCosmetic|qMax|dashPattern|setStyle|color
idx:195908,195908,icl_baseline_only,1,linux,CWE-703,4198,148,"int btrfs_rm_device(struct btrfs_fs_info *fs_info, const char *device_path,",1,0,1,1,1,vulnerable_changed,0.005037069320678711,0.8112781244591328,test_bit|mutex_lock|mutex_unlock|PTR_ERR|list_del_init|btrfs_rm_device|btrfs_num_devices|btrfs_check_raid_min_devices|btrfs_find_device_by_devspec|IS_ERR|strcmp|btrfs_pinned_by_swapfile|btrfs_warn_in_rcu|s|rcu_str_deref|btrfs_shrink_device|btrfs_reada_remove_dev|write_all_supers|btrfs_rm_dev_item|clear_bit
idx:216726,216726,icl_baseline_only,1,openssl,CWE-327,3458,108,"static int chacha20_poly1305_ctrl(EVP_CIPHER_CTX *ctx, int type, int arg,",1,0,1,1,1,vulnerable_changed,0.004158616065979004,0.5435644431995964,CHACHA_U8TOU32|memcpy|Poly1305_ctx_size|EVPerr|chacha20_poly1305_ctrl|aead_data|OPENSSL_zalloc|memset|OPENSSL_memdup
idx:212436,212436,icl_baseline_only,1,linux,CWE-787,532,22,static int prealloc_elems_and_freelist(struct bpf_stack_map *smap),1,0,1,1,1,vulnerable_changed,0.0066991448402404785,1.0,prealloc_elems_and_freelist|bpf_map_area_alloc|pcpu_freelist_init|pcpu_freelist_populate|bpf_map_area_free
idx:211136,211136,icl_baseline_only,1,rizin,CWE-787,2717,105,static RzDyldRebaseInfos *get_rebase_infos(RzDyldCache *cache) {,1,0,1,1,1,vulnerable_changed,0.0008574128150939941,0.5435644431995964,free|RZ_NEWS0|rz_buf_read_le32_at|get_rebase_info|get_rebase_infos|RZ_NEW0|rz_buf_fread_at|memcpy
idx:206262,206262,icl_baseline_only,1,vim,CWE-787,9072,362,parse_command_modifiers(,1,0,1,1,1,vulnerable_changed,0.0052356719970703125,0.5435644431995964,checkforcmd_noparen|_|skipwhite|ends_excmd|VIM_ISWHITE|mch_memmove|getline_equal|has_cmdmod|checkforcmd_opt|defined|ends_excmd2|parse_command_modifiers|in_vim9script|CLEAR_POINTER|STRNCMP|command|comment_start|vim_strchr|skip_range|func
idx:210484,210484,icl_baseline_only,1,linux,CWE-125,2805,97,"static int io_read(struct io_kiocb *req, unsigned int issue_flags)",1,0,1,0,1,vulnerable_changed,0.0039018988609313965,0.8112781244591328,iov_iter_count|io_setup_async_rw|kfree|io_iter_do_read|io_read|io_import_iovec|io_file_supports_async|rw_verify_area|io_kiocb_ppos|unlikely|iov_iter_revert|io_rw_should_retry|kiocb_done
idx:216800,216800,icl_baseline_only,1,core,CWE-125,330,20,"rpa_read_buffer(pool_t pool, const unsigned char **data,",1,0,1,0,1,vulnerable_context,0.004462599754333496,0.8112781244591328,rpa_read_buffer|p_malloc|memcpy
idx:196829,196829,icl_baseline_only,1,tensorflow,CWE-476,869,20,void Compute(OpKernelContext* ctx) override {,1,0,0,0,1,vulnerable_changed,0.0024927258491516113,0.954434002924965,name|OP_REQUIRES_OK|GetHandle|Compute|input|session_state|GetNewId|requested_device|tensor_store|AddTensor|allocate_output|TensorShape|expected_output_dtype|set_maybe_type_name|setConstant
idx:207754,207754,icl_baseline_only,1,linux,CWE-284,1062,47,"static size_t push_pipe(struct iov_iter *i, size_t size,",1,0,1,1,1,vulnerable_changed,0.014208376407623291,0.5435644431995964,unlikely|push_pipe|data_start|pipe_full|alloc_page|min_t
idx:200287,200287,icl_baseline_only,1,linux,CWE-200,3449,121,"static int __tipc_sendmsg(struct socket *sock, struct msghdr *m, size_t dlen)",1,0,0,0,1,vulnerable_changed,0.008393645286560059,1.0,unlikely|msg_set_type|msg_set_hdr_sz|msg_set_lookup_scope|__tipc_sendmsg|sock_net|tipc_sk|sock_sndtimeo|tipc_sk_type_connectionless|tipc_uaddr_valid|tipc_send_group_bcast|tipc_send_group_anycast|tipc_send_group_unicast|tipc_send_group_mcast|msg_set_syn|tipc_sendmcast|tipc_node2scope|tipc_nametbl_lookup_anycast|tipc_wait_for_cond|tipc_dest_find
idx:204036,204036,icl_baseline_only,1,net,CWE-787,1016,50,"int hw_atl_utils_fw_rpc_wait(struct aq_hw_s *self,",1,0,1,1,1,vulnerable_changed,0.0004227757453918457,0.8112781244591328,hw_atl_utils_fw_rpc_wait|aq_hw_read_reg|readx_poll_timeout_atomic|aq_hw_err_from_flags|hw_atl_utils_fw_rpc_call|hw_atl_utils_fw_downld_dwords
idx:195391,195391,icl_baseline_only,1,tensorflow,CWE-190,4681,107,void Compute(tensorflow::OpKernelContext* context) override {,1,0,1,1,1,vulnerable_changed,0.0034638047218322754,0.5435644431995964,splits_vec|OP_REQUIRES_OK|size|OP_REQUIRES|InvalidArgument|data|allocate_output|input|shape|get_num_ngrams|CreateNgrams|Compute|TensorShape|one|equal
idx:477800,477800,icl_baseline_only,0,ceph,CWE-79,7565,224,"int RGWGetObj_ObjStore_S3::send_response_data(bufferlist& bl, off_t bl_ofs,",0,1,1,0,0,vulnerable_changed,0.006202876567840576,1.0,dump_header|ldpp_dout|end|c_str|length|compare|find|decode|catch|set_req_state_err|dump_errno|encode_json|decode_attr_bl_single_value|dump_header_if_nonempty|dump_etag|strcmp|begin|count|end_header|dump_body
idx:195740,195740,icl_baseline_only,1,libjpeg,CWE-703,6317,170,bool SampleInterleavedLSScan::ParseMCU(void),1,0,1,1,1,vulnerable_changed,0.0031682252883911133,0.5435644431995964,assert|UpdateContext|QuantizedGradient|HeightOf|GetContext|GolombParameter|GolombDecode|InverseErrorMapping|ErrorMappingOffset|Reconstruct|UpdateState|ParseMCU|FractionalColorBitsOf|CurrentLine|StartLine|BeginReadMCU|ByteStreamOf|isRunMode|DecodeRun|error
idx:197326,197326,icl_baseline_only,1,tensorflow,CWE-703,2300,56,"static Status ParseEquation(const string& equation,",1,0,0,0,0,vulnerable_context,0.0002384781837463379,0.954434002924965,resize|at|size|MapToLabels|ParseEquation|TF_RETURN_IF_ERROR|ParseEinsumEquation|to|GetDimensionType|OK
idx:194996,194996,icl_baseline_only,1,tensorflow,CWE-476,1226,31,"Status GetInitOp(const string& export_dir, const MetaGraphDef& meta_graph_def,",1,0,0,0,0,vulnerable_context,0.0011588335037231445,1.0,find|end|signature_def|OK|node_list|GetInitOp|outputs|name|collection_def|value_size|FailedPrecondition|StrCat|value
idx:195471,195471,icl_baseline_only,1,weechat,CWE-476,3200,105,IRC_PROTOCOL_CALLBACK(352),1,0,1,0,1,vulnerable_changed,0.004722297191619873,0.8112781244591328,strlen|free|s|IRC_PROTOCOL_CALLBACK|IRC_PROTOCOL_MIN_ARGS|message|strcmp|irc_channel_search|irc_nick_search|malloc|snprintf|irc_nick_set_host|irc_nick_set_away|weechat_hashtable_has_key|strdup|who|weechat_printf_date_tags|irc_msgbuffer_get_target_buffer|irc_protocol_tags|weechat_prefix
idx:213998,213998,icl_baseline_only,1,libtpms,CWE-119,482,20,FindEmptyObjectSlot(,1,0,0,0,0,safe_background,0.0,0.5435644431995964,FindEmptyObjectSlot|MemorySet
idx:197801,197801,icl_baseline_only,1,tensorflow,CWE-345,1688,45,"bool TensorSliceReader::CopySliceData(const string& name,",1,0,0,0,1,fixed_changed,-0.0012814998626708984,0.954434002924965,VLOG|DebugString|FindTensorSlice|data|CopySliceData|l|LoadAllShards|FindWithDefault|CHECK_GE|EncodeTensorNameSlice|Get|ParseProtoUnlimited|CopyDataFromTensorSliceToTensorSlice|shape
idx:204535,204535,icl_baseline_only,1,admesh,CWE-125,620,16,"stl_update_connects_remove_1(stl_file *stl, int facet_num) {",1,0,0,1,1,vulnerable_context,-0.009372830390930176,0.954434002924965,stl_update_connects_remove_1
idx:197760,197760,icl_baseline_only,1,tensorflow,CWE-125,1030,24,"TfLiteStatus EvalGatherNd(TfLiteContext* context, const TfLiteTensor* params,",1,0,0,0,0,vulnerable_changed,0.0020112991333007812,0.5435644431995964,EvalGatherNd|ReportError|TfLiteTypeGetName
idx:195720,195720,icl_baseline_only,1,mvfst,CWE-703,3323,80,void updateHandshakeState(QuicServerConnectionState& conn) {,1,0,1,0,1,vulnerable_changed,0.004237353801727295,0.8112781244591328,move|addTransportStateUpdate|QUIC_TRACE|CHECK|updateHandshakeState|getZeroRttReadCipher|getZeroRttReadHeaderCipher|getOneRttWriteCipher|getOneRttReadCipher|getOneRttWriteHeaderCipher|getOneRttReadHeaderCipher|setZeroRttReadCipher|setZeroRttHeaderCipher|setOneRttHeaderCipher|get|updatePacingOnKeyEstablished|getClientTransportParams|QuicTransportException|processClientInitialParams|setOneRttReadCipher
idx:198374,198374,icl_baseline_only,1,tensorflow,CWE-703,5377,124,void Compute(OpKernelContext* ctx) override {,1,0,0,0,1,vulnerable_context,-0.0010074377059936523,0.954434002924965,dim_size|OP_REQUIRES_OK|TensorShape|input|OP_REQUIRES|InvalidArgument|allocate_output|dims|forward_input_or_allocate_output|allocate_temp|v|Compute
idx:197666,197666,icl_baseline_only,1,njs,CWE-703,4494,174,"njs_object_iterate_reverse(njs_vm_t *vm, njs_iterator_args_t *args,",1,0,0,0,1,vulnerable_changed,0.010572075843811035,0.954434002924965,njs_slow_path|handler|njs_is_string|njs_string_new|njs_iterator_object_handler|njs_array_destroy|njs_object_iterate_reverse|njs_is_array|njs_array|njs_fast_path|njs_is_valid|njs_value_arg|njs_value_property_i64|njs_is_object_string|njs_object_value_alloc|njs_set_object_value|njs_object_value|njs_string_prop|njs_string_offset|njs_utf8_next
idx:511472,511472,icl_baseline_only,0,server,CWE-416,15074,476,"bool open_table(THD *thd, TABLE_LIST *table_list, Open_table_context *ot_ctx)",0,1,1,0,1,vulnerable_changed,0.011471390724182129,0.954434002924965,DBUG_RETURN|MYF|my_error|DBUG_ASSERT|tdc_release_share|init|DBUG_PRINT|unlikely|request_backoff_action|is_write_lock_request|set_partitions_as_used|mdl_deadlock_handler|push_internal_handler|get_timeout|pop_internal_handler|DEBUG_SYNC|is_error|clear_error|tc_release_table|my_free
idx:195073,195073,icl_baseline_only,1,tensorflow,CWE-416,4701,95,"void DecodePngV2(OpKernelContext* context, StringPiece input) {",1,0,1,1,1,vulnerable_context,0.004166722297668457,0.5435644431995964,OP_REQUIRES|InvalidArgument|CommonFinishDecode|size|CommonFreeDecode|allocate_output|TensorShape|data|get|DecodePngV2|CommonInitDecode|TODO|decode_|ok|OP_REQUIRES_OK|uint16|buffer|buf|max|device
idx:195082,195082,icl_baseline_only,1,linux,CWE-862,1076,40,void recalc_intercepts(struct vcpu_svm *svm),1,0,0,0,1,vulnerable_changed,0.005227863788604736,0.954434002924965,vmcb_clr_intercept|recalc_intercepts|vmcb_mark_dirty|is_guest_mode
idx:200320,200320,icl_baseline_only,1,samba,CWE-665,8888,330,"static NTSTATUS vfswrap_fsctl(struct vfs_handle_struct *handle,",1,0,0,0,1,vulnerable_changed,0.004195272922515869,0.954434002924965,DEBUG|fsp_fnum_dbg|TALLOC_FREE|SIVAL|NT_STATUS_IS_OK|talloc_array|push_file_id_16|max_data_count|DEBUGADD|MIN|sid_string_dbg|BVAL|SBVAL|vfswrap_fsctl|file_set_sparse|smb_fname_str_dbg|nt_errstr|memcpy|create_volume_objectid|Copies
idx:195291,195291,icl_baseline_only,1,tensorflow,CWE-908,3667,87,void Compute(OpKernelContext* context) override {,1,0,1,1,1,safe_background,0.0,0.5435644431995964,shape|replace_ref_input|Copy|mutable_input|DebugString|num_elements|dtype|Compute|input|forward_ref_input_to_ref_output|set_gpu_compatible|set_nic_compatible|l|input_ref_mutex|IsSameSize|OP_REQUIRES|InvalidArgument|IsInitialized|CHECK|CopyFrom
idx:210271,210271,icl_baseline_only,1,vim,CWE-787,2143,97,"sug_filltree(spellinfo_T *spin, slang_T *slang)",1,0,1,1,1,vulnerable_changed,0.012174487113952637,0.5435644431995964,tree_add_word|sug_filltree|wordtree_alloc|line_breakcheck|spell_soundfold|bytes|smsg|_
idx:195741,195741,icl_baseline_only,1,libjpeg,CWE-703,5436,150,bool SingleComponentLSScan::ParseMCU(void),1,0,1,1,1,vulnerable_changed,0.007076263427734375,0.5435644431995964,printf|assert|UpdateContext|QuantizedGradient|HeightOf|GetContext|GolombParameter|GolombDecode|InverseErrorMapping|ErrorMappingOffset|Reconstruct|UpdateState|ParseMCU|FractionalColorBitsOf|CurrentLine|StartLine|BeginReadMCU|ByteStreamOf|isRunMode|DecodeRun
idx:210204,210204,icl_baseline_only,1,linux,CWE-362,1036,38,"static struct nlattr *reserve_sfa_size(struct sw_flow_actions **sfa,",1,0,1,1,1,vulnerable_changed,0.0030843615531921387,0.8112781244591328,ksize|reserve_sfa_size|NLA_ALIGN|offsetof|max|OVS_NLERR|ERR_PTR|nla_alloc_flow_actions|IS_ERR|memcpy|kfree
idx:500663,500663,positive_weighted_rag_method_only,0,libssh,CWE-399,2430,90,"int sftp_mkdir(sftp_session sftp, const char *directory, mode_t mode) {",1,0,0,0,1,vulnerable_changed,0.003929734230041504,0.954434002924965,ssh_buffer_free|ssh_set_error_oom|ssh_string_free|sftp_message_free|sftp_set_error|status_msg_free|ssh_set_error|sftp_mkdir|ssh_buffer_new|ssh_string_from_char|ZERO_STRUCT|sftp_get_new_id|buffer_add_u32|buffer_add_ssh_string|buffer_add_attributes|sftp_packet_write|sftp_read_and_dispatch|sftp_dequeue|parse_status_msg|sftp_lstat
idx:302095,302095,positive_weighted_rag_method_only,0,radare2,CWE-476,786,25,RList *r_bin_ne_get_segments(r_bin_ne_obj_t *bin) {,1,1,0,0,0,vulnerable_changed,0.0039435625076293945,0.954434002924965,r_bin_ne_get_segments|r_list_newf|R_NEW0|__translate_perms|r_str_newf|r_list_append
idx:247755,247755,positive_weighted_rag_method_only,0,cryptopp,CWE-399,1215,41,"Integer InvertibleRWFunction::CalculateInverse(RandomNumberGenerator &rng, const Integer &x) const",1,1,0,0,1,safe_background,-0.002728879451751709,0.954434002924965,One|Square|Multiply|Jacobi|IsOdd|ModularSquareRoot|CalculateInverse|DoQuickSanityCheck|modn|Randomize|MultiplicativeInverse|IsZero|CRT|STDMIN|ApplyFunction|Exception
idx:481787,481787,positive_weighted_rag_method_only,0,nagioscore,CWE-476,782,33,"static int qh_help(int sd, char *buf, unsigned int len)",1,0,0,0,0,safe_background,-0.0006379485130310059,0.954434002924965,nsock_printf_nul|strcmp|nsock_printf|qh_help|qh_find_handler|handler
idx:405333,405333,positive_weighted_rag_method_only,0,linux,CWE-703,954,47,"static int xfrm_expand_policies(const struct flowi *fl, u16 family,",1,0,1,0,0,vulnerable_context,0.002516627311706543,1.0,IS_ERR|PTR_ERR|xfrm_expand_policies|xfrm_policy_lookup_bytype|xp_net|xfrm_pols_put
idx:229337,229337,positive_weighted_rag_method_only,0,tensorflow,CWE-476,1966,45,"Status GetDeviceForInput(const EagerOperation& op, const EagerContext& ctx,",1,1,0,0,0,vulnerable_changed,0.014657318592071533,1.0,device|name|TF_RETURN_IF_ERROR|GetDeviceForInput|HostCPU|Type|TODO|Tensor|NumElements|InvalidArgument|FindDeviceFromName|c_str|device_type|MTypeFromDTypeIntsOnDevice|MTypeFromDType|is_function|Device|OK
idx:384201,384201,positive_weighted_rag_method_only,0,linux,CWE-703,1517,66,"static int nft_verdict_init(const struct nft_ctx *ctx, struct nft_data *data,",1,0,1,0,1,vulnerable_changed,0.003998160362243652,0.8112781244591328,IS_ERR|PTR_ERR|nft_verdict_init|nft_genmask_next|nla_parse_nested_deprecated|ntohl|nla_get_be32|nft_chain_lookup|nft_chain_lookup_byid|nft_is_base_chain|nft_chain_is_bound
idx:459107,459107,positive_weighted_rag_method_only,0,linux,CWE-416,5631,233,"static int tc_new_tfilter(struct sk_buff *skb, struct nlmsghdr *n,",1,1,1,0,1,vulnerable_changed,0.007413268089294434,0.5435644431995964,NL_SET_ERR_MSG|IS_ERR|PTR_ERR|mutex_unlock|tfilter_put|tc_new_tfilter|sock_net|netlink_ns_capable|nlmsg_parse_deprecated|nlmsg_data|TC_H_MIN|TC_H_MAJ|TC_H_MAKE|__tcf_qdisc_find|tcf_proto_check_kind|shared|tcf_proto_is_unlocked|rtnl_lock|__tcf_qdisc_cl_find|__tcf_block_find
idx:221428,221428,positive_weighted_rag_method_only,0,tensorflow,CWE-617,1679,40,"bool Tensor::FromProto(Allocator* a, const TensorProto& proto) {",1,1,1,0,0,vulnerable_changed,0.006881415843963623,0.8112781244591328,dtype|CASES_WITH_DEFAULT|tensor_shape|num_elements|tensor_content|FromProto|CHECK_NOTNULL|IsValid|shape|empty|Decode|tensors|set_dtype|UnrefIfNonNull|TODO|MemoryLoggingEnabled|data|RecordTensorAllocation|Unknown
idx:219931,219931,positive_weighted_rag_method_only,0,tensorflow,CWE-617,3008,80,"Status ConstantFolding::EvaluateOneFoldable(const NodeDef& node,",1,0,0,0,1,vulnerable_changed,0.005847573280334473,0.954434002924965,dtype|Status|StrCat|at|size|name|TF_RETURN_IF_ERROR|InvalidArgument|tensor_shape|EvaluateOneFoldable|MakeCleanup|input|ParseTensorName|index|GetNode|IsReallyConstant|CheckAttrExists|attr|tensor|ToString
idx:459400,459400,positive_weighted_rag_method_only,0,vim,CWE-416,17024,696,do_tag(,1,1,1,0,0,vulnerable_changed,0.010997653007507324,1.0,_|defined|emsg|vim_strsave|FreeWild|tagstack_clear_entry|parse_match|cs_free_tags|STRCMP|vim_free|jumpto_tag|semsg|set_vim_var_string|do_tag|tag|free_string_option|CLEAR_POS|fails|buflist_getfile|setpcmark
idx:389760,389760,positive_weighted_rag_method_only,0,jasper,CWE-703,4234,170,"cmdopts_t *cmdopts_parse(int argc, char **argv)",1,0,1,0,0,vulnerable_changed,0.005607903003692627,0.954434002924965,fprintf|atoi|addopt|cmdopts_destroy|badusage|cmdopts_parse|malloc|exit|get_default_max_mem_usage|jas_getopt|strtoull
idx:282862,282862,positive_weighted_rag_method_only,0,linux,CWE-401,660,25,static int rsi_send_beacon(struct rsi_common *common),1,0,1,0,1,vulnerable_changed,2.0444393157958984e-05,0.8112781244591328,rsi_dbg|rsi_send_beacon|dev_alloc_skb|memset|skb_pull|rsi_prepare_beacon|dev_kfree_skb|skb_queue_tail|rsi_set_event
idx:455177,455177,positive_weighted_rag_method_only,0,libmobi,CWE-119,2146,54,"MOBI_RET mobi_parse_huffdic(const MOBIData *m, MOBIHuffCdic *huffcdic) {",1,1,0,0,1,vulnerable_changed,0.0009453296661376953,0.8112781244591328,debug_print|mobi_parse_huffdic|mobi_get_kf8offset|record|mobi_get_record_by_seqnumber|short|mobi_parse_huff|malloc|mobi_parse_cdic
idx:328807,328807,positive_weighted_rag_method_only,0,vim,CWE-787,20005,766,do_put(,1,1,1,0,1,vulnerable_changed,0.004342079162597656,0.5435644431995964,STRLEN|mch_memmove|gchar_cursor|u_save|alloc|ml_get|ml_append|vim_free|ml_replace|_|getvcol|changed_lines|get_indent|ml_get_cursor|ml_get_curline|emsg|vim_memset|stuffcharReadbuff|u_save_cursor|MB_PTR_ADV
idx:424969,424969,positive_weighted_rag_method_only,0,linux,CWE-476,5161,189,"struct iwl_trans *iwl_trans_pcie_alloc(struct pci_dev *pdev,",1,0,0,0,1,vulnerable_changed,0.0016521215438842773,0.954434002924965,DMA_BIT_MASK|dev_err|ERR_PTR|init_waitqueue_head|iwl_trans_alloc|spin_lock_init|mutex_init|pci_set_dma_mask|pci_set_consistent_dma_mask|iwl_trans_pcie_alloc|pcim_enable_device|IWL_TRANS_GET_PCIE_TRANS|alloc_workqueue|INIT_WORK|alloc_percpu|pci_disable_link_state|IWL_PCIE_MAX_FRAGS|pci_set_master|pcim_iomap_regions_request_all|BIT
idx:196846,196846,positive_weighted_rag_method_only,1,tensorflow,CWE-369,1159,30,"TfLiteStatus Eval(TfLiteContext* context, TfLiteNode* node) {",0,0,0,1,0,fixed_changed,0.0,0.5435644431995964,TF_LITE_ENSURE_OK|GetInputSafe|Eval|GetOutputSafe|ReportError
idx:301429,301429,positive_weighted_rag_method_only,0,samba,CWE-665,8880,330,"static NTSTATUS vfswrap_fsctl(struct vfs_handle_struct *handle,",1,0,0,0,1,vulnerable_changed,0.004195272922515869,0.954434002924965,DEBUG|fsp_fnum_dbg|TALLOC_FREE|SIVAL|NT_STATUS_IS_OK|talloc_array|push_file_id_16|max_data_count|DEBUGADD|MIN|sid_string_dbg|BVAL|SBVAL|vfswrap_fsctl|file_set_sparse|smb_fname_str_dbg|nt_errstr|memcpy|create_volume_objectid|Copies
idx:497809,497809,positive_weighted_rag_method_only,0,grep,CWE-119,2383,82,"bmexec_trans (kwset_t kwset, char const *text, size_t size)",1,0,1,0,0,safe_background,-0.013738155364990234,0.954434002924965,U|memchr_kwset|bm_delta2_search|bmexec_trans
idx:432247,432247,positive_weighted_rag_method_only,0,unicorn,CWE-476,406,17,"void qemu_ram_free(struct uc_struct *uc, RAMBlock *block)",1,0,1,0,0,fixed_changed,-5.960464477539063e-08,0.954434002924965,qemu_ram_free|ram_block_notify_remove|QLIST_REMOVE_RCU|smp_wmb|call_rcu|reclaim_ramblock
idx:233862,233862,positive_weighted_rag_method_only,0,deark,CWE-369,1471,49,"void fmtutil_macbitmap_read_pixmap_only_fields(deark *c, dbuf *f, struct fmtutil_macbitmap_info *bi,",1,0,1,0,0,vulnerable_changed,0.0006301999092102051,0.954434002924965,de_dbg|dbuf_getu16be|dbuf_getu32be|de_dbg_indent|pict_read_fixed|fmtutil_macbitmap_read_pixmap_only_fields
idx:224153,224153,positive_weighted_rag_method_only,0,tensorflow,CWE-908,3946,93,void Compute(OpKernelContext* context) override {,1,0,0,0,1,vulnerable_context,0.0007904767990112305,0.954434002924965,shape|replace_ref_input|Copy|OP_REQUIRES|IsInitialized|mutable_input|DebugString|num_elements|dtype|Compute|input|forward_ref_input_to_ref_output|Internal|set_gpu_compatible|set_nic_compatible|l|input_ref_mutex|IsSameSize|InvalidArgument|CHECK
idx:391627,391627,positive_weighted_rag_method_only,0,linux,CWE-120,400,23,"static ssize_t remove_slot_store(struct kobject *kobj,",1,0,0,0,1,vulnerable_changed,0.0002548694610595703,0.954434002924965,remove_slot_store|strscpy|strchr|dlpar_remove_slot
idx:242637,242637,positive_weighted_rag_method_only,0,gpac,CWE-703,12031,365,static GF_Err isoffin_process(GF_Filter *filter),1,1,0,0,0,vulnerable_changed,0.004747152328491211,0.954434002924965,gf_filter_pck_set_property|GF_LOG|gf_filter_pck_set_sap|gf_list_get|gf_filter_pid_set_eos|gf_filter_pid_get_property|gf_isom_get_sample_count|PROP_BOOL|gf_filter_pid_is_eos|gf_filter_pid_drop_packet|isor_reader_release_sample|PROP_UINT|PROP_DATA|PROP_FRAC64_INT|PROP_LONGUINT|gf_isom_get_tfrf|gf_filter_pid_set_info_str|isoffin_process|gf_filter_get_udta|gf_list_count
idx:282984,282984,positive_weighted_rag_method_only,0,LuaJIT,CWE-125,1412,51,static ptrdiff_t finderrfunc(lua_State *L),1,0,0,0,0,fixed_changed,0.008090615272521973,0.954434002924965,cframe_errfunc|cframe_prev|frame_prevd|cframe_nres|finderrfunc|tvref|cframe_raw|restorestack|inherited|frame_typep|frame_prevl|cframe_canyield|frame_ftsz|savestack|lua_assert
idx:255574,255574,positive_weighted_rag_method_only,0,njs,CWE-787,1139,57,"njs_module_path(njs_vm_t *vm, const njs_str_t *dir, njs_module_info_t *info)",1,1,1,0,1,vulnerable_changed,0.0022968053817749023,0.5435644431995964,njs_cpymem|njs_module_path|njs_slow_path|realpath|open|njs_strlen
idx:247550,247550,positive_weighted_rag_method_only,0,envoy,CWE-362,2972,62,"void DefaultCertValidator::updateDigestForSessionId(bssl::ScopedEVP_MD_CTX& md,",1,0,1,0,0,vulnerable_changed,0.0003101229667663574,0.954434002924965,RELEASE_ASSERT|get|getLastCryptoError|value_or|EVP_DigestUpdate|data|size|decltype|updateDigestForSessionId|X509_digest|EVP_sha256|format|subjectAltNameMatchers|hash|certificateRevocationList|empty|length|allowExpiredCertificate|trustChainVerification|onlyVerifyLeafCertificateCrl
idx:238322,238322,positive_weighted_rag_method_only,0,barebox,CWE-200,305,20,"int digest_generic_verify(struct digest *d, const unsigned char *md)",1,0,1,0,0,fixed_changed,-0.0016684532165527344,0.8112781244591328,digest_generic_verify|digest_length|xmalloc|digest_final|crypto_memneq|free
idx:411896,411896,positive_weighted_rag_method_only,0,tor,CWE-399,17737,536,"networkstatus_parse_vote_from_string(const char *s, const char **eos_out,",1,0,1,0,1,vulnerable_changed,0.012594461441040039,0.954434002924965,log_warn|escaped|tor_free|smartlist_create|smartlist_add|tor_strdup|tor_assert|find_by_keyword|find_opt_by_keyword|tor_parse_long|strcmp|strlen|smartlist_get|base16_decode|tor_malloc_zero|parse_iso_time|SMARTLIST_FOREACH|smartlist_free|memcpy|SMARTLIST_FOREACH_BEGIN
idx:268104,268104,positive_weighted_rag_method_only,0,tensorflow,CWE-703,11370,236,void Compute(OpKernelContext* context) override {,1,0,1,0,1,vulnerable_changed,0.0022434592247009277,0.8112781244591328,OP_REQUIRES_OK|OP_REQUIRES|size|InvalidArgument|StrCat|row_remapping|input|DebugString|dim_size|dims|LOG|shape|RemapVectorToMap|DataTypeString|TODO|FindOrNull|output_matrix|matrix|Compute|clear
idx:447231,447231,positive_weighted_rag_method_only,0,php-src,CWE-17,2818,117,"apprentice_load(struct magic_set *ms, const char *fn, int action)",1,0,0,0,1,safe_background,-0.003058195114135742,1.0,efree|file_oomem|php_stream_closedir|CAST|strlen|qsort|load_1|apprentice_load|TSRMLS_FETCH|memset|ecalloc|fprintf|php_sys_stat|S_ISDIR|php_stream_opendir|php_stream_readdir|snprintf|stat|S_ISREG|erealloc
idx:224181,224181,positive_weighted_rag_method_only,0,tensorflow,CWE-843,1181,32,void Compute(OpKernelContext* ctx) override {,1,0,0,0,1,fixed_changed,0.0014670491218566895,0.954434002924965,OP_REQUIRES_OK|input|OP_REQUIRES|NumElements|InvalidArgument|Compute|GetStagingMap|def|scope|input_list|shape|key|size|push_back|put
idx:259619,259619,positive_weighted_rag_method_only,0,libjpeg,CWE-787,1217,34,void HierarchicalBitmapRequester::PrepareForEncoding(void),1,0,0,0,1,vulnerable_changed,0.004355490207672119,1.0,PrepareForEncoding|AllocMem|memset|BuildCommon|ComponentOf|SubXOf|SubYOf|CreateDownsampler|TablesOf|isDownsamplingInterpolated
idx:293939,293939,positive_weighted_rag_method_only,0,vim,CWE-787,5668,223,ex_retab(exarg_T *eap),1,0,1,0,1,vulnerable_changed,0.0045683979988098145,0.8112781244591328,tabstop_count|_|emsg|vim_free|mch_memmove|tabstop_first|redraw_curbuf_later|ex_retab|tabstop_set|vim_isdigit|vim_strnsave|getdigits|semsg|ml_get|VIM_ISWHITE|tabstop_fromto|u_save|STRLEN|alloc|ml_replace
idx:219032,219032,positive_weighted_rag_method_only,0,tensorflow,CWE-617,2762,76,Status ConstantFolding::IsSimplifiableReshape(,1,1,0,0,1,safe_background,0.0003197789192199707,0.8112781244591328,Internal|name|DebugString|ok|input_size|size|dtype|shape|NumElements|push_back|MakeShape|IsSimplifiableReshape|IsReshape|GetNode|input|IsReallyConstant|MakeCleanup|EvaluateNode|TensorVector|GetInputProperties
idx:223728,223728,positive_weighted_rag_method_only,0,tensorflow,CWE-476,4724,121,"bool ConstantFolding::MulConvPushDown(GraphDef* optimized_graph, NodeDef* node,",1,1,0,0,1,vulnerable_changed,0.00521320104598999,0.954434002924965,name|input|GetNode|IsReallyConstant|device|shape|set_input|GetOutputProperties|empty|get|set_name|UpdateInput|MulConvPushDown|TODO|PrepareConstantPushDown|IsAnyMul|NumNonControlInputs|IsConv2D|IsConv3D|input_size
idx:382797,382797,positive_weighted_rag_method_only,0,php-src,CWE-119,400,24,"static int dynamicGetbuf (gdIOCtxPtr ctx, void *buf, int len)",1,1,1,0,1,vulnerable_context,-0.011069297790527344,0.8112781244591328,dynamicGetbuf|memcpy
idx:215073,215073,positive_weighted_rag_method_only,1,linux,CWE-269,503,17,"static ssize_t cgroup_release_agent_write(struct kernfs_open_file *of,",0,0,0,1,1,vulnerable_changed,0.0010017156600952148,0.8112781244591328,cgroup_release_agent_write|BUILD_BUG_ON|cgroup_kn_lock_live|spin_lock|strlcpy|strstrip|spin_unlock|cgroup_kn_unlock
idx:256947,256947,positive_weighted_rag_method_only,0,tensorflow,CWE-703,2375,58,"static Status ParseEquation(const string& equation,",1,0,0,0,0,vulnerable_context,0.0002384781837463379,1.0,at|resize|size|MapToLabels|ParseEquation|TF_RETURN_IF_ERROR|ParseEinsumEquation|to|GetDimensionType|OK
idx:443152,443152,positive_weighted_rag_method_only,0,linux,CWE-476,960,40,void jfs_evict_inode(struct inode *inode),1,0,1,0,1,vulnerable_changed,0.003740549087524414,0.954434002924965,JFS_IP|JFS_SBI|truncate_inode_pages_final|jfs_evict_inode|jfs_info|is_bad_inode|dquot_initialize|test_cflag|jfs_free_zero_link|diFree|dquot_free_inode|clear_inode|dquot_drop|BUG_ON|list_empty|spin_lock_irq|atomic_dec|spin_unlock_irq
idx:472123,472123,positive_weighted_rag_method_only,0,linux,CWE-416,2262,86,"int cgroup1_parse_param(struct fs_context *fc, struct fs_parameter *param)",1,0,0,0,1,fixed_changed,-6.622076034545898e-05,0.954434002924965,invalfc|strcmp|invalf|cgroup1_parse_param|cgroup_fc2context|fs_parse|for_each_subsys|cgroup_ssid_enabled|cgroup1_ssid_disabled|isalnum
idx:273091,273091,positive_weighted_rag_method_only,0,owntone-server,CWE-416,2738,95,"net_bind(short unsigned *port, int type, const char *log_service_name)",1,0,1,0,0,vulnerable_changed,0.001396775245666504,0.8112781244591328,DPRINTF|setsockopt|cfg_getsec|close|strerror|net_bind|cfg_getstr|cfg_getbool|snprintf|getaddrinfo|gai_strerror|socket|bind|freeaddrinfo|address|assigned|getsockname|net_port_get|net_address_get
idx:326119,326119,positive_weighted_rag_method_only,0,vim,CWE-416,34649,1495,regmatch(,1,0,1,0,1,vulnerable_changed,0.008198976516723633,1.0,ADVANCE_REGINPUT|OPERAND|regstack_pop|regstack_push|reg_restore|OP|reg_save|mch_errmsg|STRLEN|_|regnext|reg_getline|vim_iswordc_buf|VIM_ISDIGIT|cstrncmp|save_se|restore_se|WITH_NL|re_num_cmp|MB_TOLOWER
idx:221413,221413,positive_weighted_rag_method_only,0,linux,CWE-862,1161,43,void recalc_intercepts(struct vcpu_svm *svm),1,0,1,0,1,vulnerable_changed,0.005227863788604736,0.954434002924965,vmcb_clr_intercept|vmcb_set_intercept|recalc_intercepts|vmcb_mark_dirty|is_guest_mode
idx:231710,231710,positive_weighted_rag_method_only,0,mvfst,CWE-703,3434,83,void updateHandshakeState(QuicServerConnectionState& conn) {,1,1,1,0,1,vulnerable_changed,0.004237353801727295,0.8112781244591328,move|addTransportStateUpdate|QUIC_TRACE|QuicTransportException|CHECK|updateHandshakeState|getZeroRttReadCipher|getZeroRttReadHeaderCipher|getOneRttWriteCipher|getOneRttReadCipher|getOneRttWriteHeaderCipher|getOneRttReadHeaderCipher|setZeroRttReadCipher|setZeroRttHeaderCipher|setOneRttHeaderCipher|updatePacingOnKeyEstablished|getClientTransportParams|processClientInitialParams|setOneRttReadCipher|getHandshakeReadCipher
idx:257461,257461,positive_weighted_rag_method_only,0,tensorflow,CWE-703,5002,125,Status AutoParallel::Initialize(const GrapplerItem& item) {,1,0,1,0,0,vulnerable_changed,0.012466609477996826,0.954434002924965,name|insert|LOG|size|VLOG|node|MainVariables|make_pair|find|end|node_size|empty|Status|op|TF_RETURN_IF_ERROR|ComputeTransitiveFanin|Initialize|GetNumAvailableGPUs|mutable_node|AddNodeDivConst
idx:308163,308163,positive_weighted_rag_method_only,0,linux,CWE-401,686,29,"static int fastrpc_dma_buf_attach(struct dma_buf *dmabuf,",1,0,0,0,0,vulnerable_changed,0.0010898709297180176,1.0,fastrpc_dma_buf_attach|kzalloc|dma_get_sgtable|FASTRPC_PHYS|dev_err|kfree|INIT_LIST_HEAD|mutex_lock|list_add|mutex_unlock
idx:462316,462316,positive_weighted_rag_method_only,0,ghostpdl,CWE-787,536,15,"pcl_status_read(byte * data, uint max_data, pcl_state_t * pcs)",1,0,1,0,1,safe_background,-0.001347959041595459,0.954434002924965,pcl_status_read|min|memcpy|gs_free_object
idx:220463,220463,positive_weighted_rag_method_only,0,tensorflow,CWE-476,2769,64,"Status BuildXlaCompilationCache(DeviceBase* device, FunctionLibraryRuntime* flr,",1,1,0,0,1,vulnerable_changed,0.0033898353576660156,0.8112781244591328,ValueOrDie|xla_device_metadata|ok|status|XlaCompilationCache|OK|config_proto|device_type|type|BuildXlaCompilationCache|client|jit_device_type|PlatformWithId|platform_id|GetForPlatform|cases|operations|compilation|code|Unimplemented
idx:417093,417093,positive_weighted_rag_method_only,0,MilkyTracker,CWE-416,251,17,PlayerGeneric::~PlayerGeneric(),1,0,0,0,0,safe_background,-0.009276151657104492,0.954434002924965,PlayerGeneric|isActive|isDeviceRemoved|removeDevice
idx:201384,201384,positive_weighted_rag_baseline_only,1,vim,CWE-787,762,40,"ga_concat_shorten_esc(garray_T *gap, char_u *str)",1,0,0,0,0,vulnerable_changed,0.006006360054016113,0.8112781244591328,ga_concat|ga_concat_esc|ga_concat_shorten_esc|mb_ptr2char_adv|mb_ptr2char|vim_snprintf
idx:196691,196691,positive_weighted_rag_baseline_only,1,gpac,CWE-703,11818,358,static GF_Err isoffin_process(GF_Filter *filter),1,1,0,0,1,vulnerable_changed,0.004747152328491211,0.8112781244591328,gf_filter_pck_set_property|GF_LOG|gf_filter_pck_set_sap|gf_list_get|gf_filter_pid_get_property|gf_isom_get_sample_count|PROP_BOOL|gf_filter_pid_is_eos|gf_filter_pid_drop_packet|gf_filter_pid_set_eos|isor_reader_release_sample|PROP_UINT|PROP_DATA|PROP_FRAC64_INT|PROP_LONGUINT|gf_isom_get_tfrf|gf_filter_pid_set_info_str|isoffin_process|gf_filter_get_udta|gf_list_count
idx:197326,197326,positive_weighted_rag_baseline_only,1,tensorflow,CWE-703,2300,56,"static Status ParseEquation(const string& equation,",1,0,0,0,0,vulnerable_context,0.0002384781837463379,0.954434002924965,resize|at|size|MapToLabels|ParseEquation|TF_RETURN_IF_ERROR|ParseEinsumEquation|to|GetDimensionType|OK
idx:216945,216945,positive_weighted_rag_baseline_only,1,server,CWE-617,1828,58,"bool Item_equal::create_pushable_equalities(THD *thd,",1,0,0,0,0,vulnerable_changed,0.0012508034706115723,0.5435644431995964,build_clone|new|Item_func_eq|push_back|set_item_equal|create_pushable_equalities|get_const|it|set_extraction_flag
idx:195019,195019,positive_weighted_rag_baseline_only,1,tensorflow,CWE-617,2808,75,"Status ConstantFolding::EvaluateOneFoldable(const NodeDef& node,",1,0,0,0,1,vulnerable_changed,0.005847573280334473,0.954434002924965,Status|StrCat|at|size|name|TF_RETURN_IF_ERROR|dtype|tensor_shape|EvaluateOneFoldable|MakeCleanup|input|ParseTensorName|index|GetNode|IsReallyConstant|CheckAttrExists|attr|tensor|ToString|Tensor
idx:199851,199851,positive_weighted_rag_baseline_only,1,vim,CWE-787,5582,218,ex_retab(exarg_T *eap),1,0,0,0,1,vulnerable_changed,0.003183126449584961,0.954434002924965,tabstop_count|_|vim_free|emsg|mch_memmove|tabstop_first|redraw_curbuf_later|ex_retab|tabstop_set|vim_isdigit|vim_strnsave|getdigits|semsg|ml_get|VIM_ISWHITE|tabstop_fromto|u_save|STRLEN|alloc|ml_replace
idx:198439,198439,positive_weighted_rag_baseline_only,1,mruby,CWE-288,50746,1828,"mrb_vm_exec(mrb_state *mrb, const struct RProc *proc, const mrb_code *pc)",1,1,1,0,1,fixed_changed,-0.004718959331512451,0.5435644431995964,CASE|mrb_gc_arena_restore|mrb_assert|TYPES2|mrb_type|mrb_exc_set|mrb_nil_value|mrb_integer|mrb_obj_value|cipop|mrb_ary_new_from_values|CHECKPOINT_RESTORE|CHECKPOINT_MAIN|CHECKPOINT_END|mrb_array_p|ARY_PTR|UNWIND_ENSURE|MRB_OPSYM|mrb_nil_p|mrb_exc_new_lit
idx:242619,242619,positive_weighted_rag_baseline_only,0,tensorflow,CWE-703,517,17,void Compute(OpKernelContext* ctx) override {,0,0,0,1,1,safe_background,0.0,0.954434002924965,size|num_outputs|Compute|OP_REQUIRES_OK|GetBuffer|def|scope|Get|OP_REQUIRES|InvalidArgument|set_output
idx:301481,301481,positive_weighted_rag_baseline_only,0,vim,CWE-787,39439,1431,suggest_trie_walk(,0,0,1,1,0,vulnerable_context,0.007527172565460205,1.0,PROF_STORE|mb_ptr2char|mb_ptr2len|sprintf|go_deeper|mch_memmove|mb_char2bytes|spell_iswordp|TRY_DEEPER|MB_CPTR2LEN|STRLEN|skiptowhite|MB_PTR_BACK|utf_iscomposing|badword_captype|make_case_word|score_wordcount_adj|add_suggestion|nofold_len|find_keepcap_word
idx:483053,483053,positive_weighted_rag_baseline_only,0,linux,CWE-269,713,25,"static ssize_t cgroup_release_agent_write(struct kernfs_open_file *of,",0,1,1,1,1,vulnerable_changed,0.0010017156600952148,0.8112781244591328,cgroup_release_agent_write|BUILD_BUG_ON|capable|cgroup_kn_lock_live|spin_lock|strlcpy|strstrip|spin_unlock|cgroup_kn_unlock
idx:214335,214335,positive_weighted_rag_baseline_only,1,ceph,CWE-79,7013,211,"int RGWGetObj_ObjStore_S3::send_response_data(bufferlist& bl, off_t bl_ofs,",1,1,1,0,0,vulnerable_changed,0.006202876567840576,0.8112781244591328,dump_header|ldpp_dout|end|c_str|length|compare|find|decode|catch|set_req_state_err|dump_errno|encode_json|decode_attr_bl_single_value|dump_header_if_nonempty|dump_etag|strcmp|begin|count|end_header|dump_body
idx:210484,210484,positive_weighted_rag_baseline_only,1,linux,CWE-125,2805,97,"static int io_read(struct io_kiocb *req, unsigned int issue_flags)",1,0,1,0,1,vulnerable_changed,0.0039018988609313965,0.8112781244591328,iov_iter_count|io_setup_async_rw|kfree|io_iter_do_read|io_read|io_import_iovec|io_file_supports_async|rw_verify_area|io_kiocb_ppos|unlikely|iov_iter_revert|io_rw_should_retry|kiocb_done
idx:212433,212433,positive_weighted_rag_baseline_only,1,vim,CWE-416,16686,686,do_tag(,1,1,0,0,0,vulnerable_changed,0.010997593402862549,1.0,defined|_|emsg|vim_strsave|tagstack_clear_entry|parse_match|FreeWild|cs_free_tags|STRCMP|vim_free|jumpto_tag|semsg|set_vim_var_string|do_tag|tag|free_string_option|CLEAR_POS|fails|buflist_getfile|setpcmark
idx:207150,207150,positive_weighted_rag_baseline_only,1,squirrel,CWE-703,600,18,static SQInteger thread_call(HSQUIRRELVM v),1,1,0,0,0,safe_background,-0.00350266695022583,0.954434002924965,_thread|sq_move|thread_call|stack_get|sq_type|sq_gettop|Push|SQ_SUCCEEDED|sq_call|sq_pop|sq_throwerror|_SC
idx:216906,216906,positive_weighted_rag_baseline_only,1,server,CWE-400,155,6,void ha_maria::drop_table(const char *name),1,1,0,0,0,safe_background,-0.0042198896408081055,0.954434002924965,drop_table|DBUG_ASSERT|ha_close|maria_delete_table_files
idx:201353,201353,positive_weighted_rag_baseline_only,1,wireless-drivers,CWE-415,1417,59,"static int rsi_init_usb_interface(struct rsi_hw *adapter,",1,1,0,0,1,vulnerable_changed,0.0025211572647094727,0.954434002924965,rsi_dbg|kfree|rsi_init_usb_interface|kzalloc|interface_to_usbdev|rsi_find_bulk_in_and_out_endpoints|usb_set_intfdata|kmalloc|rsi_usb_init_rx
idx:391628,391628,positive_weighted_rag_baseline_only,0,linux,CWE-120,393,22,"static ssize_t add_slot_store(struct kobject *kobj, struct kobj_attribute *attr,",0,0,0,1,1,fixed_changed,9.131431579589844e-05,0.954434002924965,add_slot_store|strscpy|strchr|dlpar_add_slot
idx:216965,216965,positive_weighted_rag_baseline_only,1,server,CWE-617,5013,146,multi_update::initialize_tables(JOIN *join),1,1,1,0,1,vulnerable_changed,0.013579607009887695,0.5435644431995964,DBUG_RETURN|extra|prepare_for_position|push_back|initialize_tables|DBUG_ENTER|unlikely|error_if_full_join|pair|DBUG_ASSERT|head|safe_update_on_fly|vers_check_update|independent|join_free|first_inner_unit|next_unit|first_select|next_select|master_unit
idx:198374,198374,positive_weighted_rag_baseline_only,1,tensorflow,CWE-703,5377,124,void Compute(OpKernelContext* ctx) override {,1,0,0,0,1,vulnerable_context,-0.0010074377059936523,0.954434002924965,dim_size|OP_REQUIRES_OK|TensorShape|input|OP_REQUIRES|InvalidArgument|allocate_output|dims|forward_input_or_allocate_output|allocate_temp|v|Compute
idx:195308,195308,positive_weighted_rag_baseline_only,1,flatpak,CWE-20,10440,275,"setup_seccomp (FlatpakBwrap   *bwrap,",1,0,1,0,1,vulnerable_changed,0.001347362995147705,0.8112781244591328,SCMP_SYS|flatpak_fail_error|_|SCMP_ACT_ERRNO|SCMP_A0|strcmp|seccomp_rule_add|defined|G_N_ELEMENTS|SCMP_A1|clone3|seccomp_arch_add|g_return_val_if_fail|seccomp_rule_add_exact|setup_seccomp|__attribute__|cleanup|tty|clone|g_auto
idx:195039,195039,positive_weighted_rag_baseline_only,1,tensorflow,CWE-354,3831,83,"void operator()(OpKernelContext* ctx, const Tensor& input,",1,1,1,0,1,vulnerable_changed,0.0006667971611022949,0.5435644431995964,dim_size|shuffle|dtype|TensorShape|post_shuffle|device|pre_shuffle|TODO|operator|DCHECK|shuffles_completed|DecrementCount|input_shuffled|filter_shuffled|Wait|output_shuffled|BrainPadding2EigenPadding|rev_shuffle
idx:204073,204073,positive_weighted_rag_baseline_only,1,shapelib,CWE-415,737,37,"static char ** split(const char *arg, const char *delim) {",1,1,1,0,1,vulnerable_changed,0.004907548427581787,0.5435644431995964,free|dupstr|strtok|realloc|split
idx:196705,196705,positive_weighted_rag_baseline_only,1,tensorflow,CWE-20,1242,31,"Status ValidateInputs(const Tensor *a_indices, const Tensor *a_values,",1,0,0,0,1,fixed_changed,-0.00422823429107666,0.954434002924965,shape|InvalidArgument|DebugString|dims|IsVector|NumElements|a_shape_flat|dim_size|ValidateInputs|IsMatrix|equal|OK
idx:211103,211103,positive_weighted_rag_baseline_only,1,file-roller,CWE-22,1690,50,_fr_window_ask_overwrite_dialog (OverwriteData *odata),1,0,0,0,1,vulnerable_changed,0.0022640228271484375,1.0,GTK_WINDOW|_|_fr_window_ask_overwrite_dialog|_g_path_get_relative_basename|g_file_get_child|g_file_query_info_async|g_object_unref|_g_string_list_free|_fr_window_archive_extract_from_edata|_gtk_message_dialog_new|gtk_dialog_set_default_response|GTK_DIALOG|fr_window_show_error_dialog|fr_window_stop_batch|g_free
idx:213528,213528,positive_weighted_rag_baseline_only,1,linux,CWE-416,2176,84,"int cgroup1_parse_param(struct fs_context *fc, struct fs_parameter *param)",1,0,0,0,0,fixed_changed,-6.622076034545898e-05,1.0,invalfc|strcmp|cgroup1_parse_param|cgroup_fc2context|fs_parse|invalf|for_each_subsys|cgroup_ssid_enabled|cgroup1_ssid_disabled|isalnum
idx:196829,196829,positive_weighted_rag_baseline_only,1,tensorflow,CWE-476,869,20,void Compute(OpKernelContext* ctx) override {,1,0,0,0,1,vulnerable_changed,0.0024927258491516113,0.954434002924965,name|OP_REQUIRES_OK|GetHandle|Compute|input|session_state|GetNewId|requested_device|tensor_store|AddTensor|allocate_output|TensorShape|expected_output_dtype|set_maybe_type_name|setConstant
idx:225383,225383,positive_weighted_rag_baseline_only,0,v4l2loopback,CWE-134,1518,49,"static int vidioc_querycap(struct file *file, void *priv,",0,0,1,1,1,vulnerable_changed,0.002740621566772461,1.0,KERNEL_VERSION|snprintf|vidioc_querycap|v4l2loopback_getdevice|video_get_drvdata|strlcpy|memset
idx:207520,207520,positive_weighted_rag_baseline_only,1,rizin,CWE-787,1456,39,"static const ut8 *parse_die(const ut8 *buf, const ut8 *buf_end, RzBinDwarfDebugInfo *info, RzBinDwarfAbbrevDecl *abbrev,",1,1,1,0,1,vulnerable_changed,0.004257678985595703,0.5435644431995964,parse_die|memset|parse_attr_value|strdup|ht_up_insert|free
idx:196894,196894,positive_weighted_rag_baseline_only,1,cryptopp,CWE-399,1059,35,"Integer InvertibleRWFunction::CalculateInverse(RandomNumberGenerator &rng, const Integer &x) const",1,1,1,0,0,safe_background,0.0,0.954434002924965,One|Multiply|Jacobi|IsOdd|ModularSquareRoot|CalculateInverse|DoQuickSanityCheck|modn|Randomize|MultiplicativeInverse|IsZero|Square|CRT|STDMIN|ApplyFunction|Exception
idx:215921,215921,positive_weighted_rag_baseline_only,1,grep,CWE-119,2320,80,"bmexec_trans (kwset_t kwset, char const *text, size_t size)",1,1,1,0,1,vulnerable_changed,0.048949480056762695,0.8112781244591328,U|memchr_kwset|bm_delta2_search|bmexec_trans
idx:209801,209801,positive_weighted_rag_baseline_only,1,mujs,CWE-476,205,12,"void jsP_dumpsyntax(js_State *J, js_Ast *prog, int dominify)",1,0,0,0,0,vulnerable_context,-0.005639076232910156,1.0,jsP_dumpsyntax|pstmlist|pstm|nl|putchar
idx:197801,197801,positive_weighted_rag_baseline_only,1,tensorflow,CWE-345,1688,45,"bool TensorSliceReader::CopySliceData(const string& name,",1,0,0,0,1,fixed_changed,-0.0012814998626708984,0.954434002924965,VLOG|DebugString|FindTensorSlice|data|CopySliceData|l|LoadAllShards|FindWithDefault|CHECK_GE|EncodeTensorNameSlice|Get|ParseProtoUnlimited|CopyDataFromTensorSliceToTensorSlice|shape
idx:195385,195385,positive_weighted_rag_baseline_only,1,flatpak,CWE-276,3354,89,"flatpak_dir_ensure_bundle_remote (FlatpakDir         *self,",1,0,0,0,1,vulnerable_changed,0.008996784687042236,0.8112781244591328,g_autoptr|g_steal_pointer|flatpak_dir_ensure_bundle_remote|flatpak_dir_ensure_repo|flatpak_bundle_load|flatpak_dir_get_deploy_data|g_strdup|flatpak_deploy_data_get_origin|ostree_repo_copy_config|flatpak_dir_get_repo|flatpak_dir_modify_remote|flatpak_decomposed_dup_id|g_file_get_basename|flatpak_dir_create_origin_remote|flatpak_decomposed_get_ref
idx:401525,401525,positive_weighted_rag_baseline_only,0,linux,CWE-200,746,23,void update_process_times(int user_tick),0,0,0,1,0,safe_background,-0.0010606050491333008,0.8112781244591328,update_process_times|account_process_tick|run_local_timers|rcu_sched_clock_irq|in_irq|irq_work_tick|scheduler_tick|IS_ENABLED|run_posix_cpu_timers|activity|this_cpu_add|rol32
idx:212414,212414,positive_weighted_rag_baseline_only,1,linux,CWE-416,5619,231,"static int tc_new_tfilter(struct sk_buff *skb, struct nlmsghdr *n,",1,1,1,0,1,vulnerable_changed,0.007413268089294434,0.5435644431995964,NL_SET_ERR_MSG|IS_ERR|PTR_ERR|mutex_unlock|tfilter_put|tc_new_tfilter|sock_net|netlink_ns_capable|nlmsg_parse_deprecated|nlmsg_data|TC_H_MIN|TC_H_MAJ|TC_H_MAKE|__tcf_qdisc_find|tcf_proto_check_kind|shared|tcf_proto_is_unlocked|rtnl_lock|__tcf_qdisc_cl_find|__tcf_block_find
idx:195038,195038,positive_weighted_rag_baseline_only,1,mruby,CWE-476,877,40,"mrb_ary_shift_m(mrb_state *mrb, mrb_value self)",1,1,1,0,1,vulnerable_changed,0.007182121276855469,0.5435644431995964,ARY_PTR|ARY_SET_LEN|mrb_ary_shift_m|mrb_ary_ptr|ARY_LEN|mrb_get_args|mrb_ary_shift|ary_modify_check|mrb_ary_new|mrb_raise|mrb_ary_new_from_values|ARY_SHARED_P|ary_make_shared
idx:197511,197511,positive_weighted_rag_baseline_only,1,libjpeg,CWE-787,1103,35,void HierarchicalBitmapRequester::PrepareForDecoding(void),1,1,1,0,1,vulnerable_changed,0.004572629928588867,0.5435644431995964,PrepareForDecoding|AllocMem|memset|BuildCommon|ComponentOf|SubXOf|SubYOf|CreateUpsampler|TablesOf|isChromaCentered
idx:201885,201885,positive_weighted_rag_baseline_only,1,vim,CWE-416,34450,1486,regmatch(,1,0,1,0,1,vulnerable_changed,0.008198916912078857,0.8112781244591328,ADVANCE_REGINPUT|OPERAND|regstack_pop|regstack_push|reg_restore|OP|reg_save|mch_errmsg|STRLEN|_|regnext|reg_getline|vim_iswordc_buf|VIM_ISDIGIT|cstrncmp|save_se|restore_se|WITH_NL|re_num_cmp|MB_TOLOWER
idx:195026,195026,positive_weighted_rag_baseline_only,1,linux,CWE-909,1703,78,"nfs4_file_open(struct inode *inode, struct file *filp)",1,0,0,0,1,vulnerable_changed,0.0028592944145202637,0.954434002924965,file_dentry|d_inode|PTR_ERR|IS_ERR|nfs4_file_open|lookup|create|dprintk|file|nfs_check_flags|nfs_open|dget_parent|alloc_nfs_open_context|filemap_write_and_wait|NFS_PROTO|open_context|nfs_file_set_open_context|nfs_fscache_open_file|put_nfs_open_context|dput
idx:199841,199841,positive_weighted_rag_baseline_only,1,radare2,CWE-476,1665,70,"static bool load_buffer(RBinFile *bf, void **bin_obj, RBuffer *buf, ut64 loadaddr, Sdb *sdb) {",1,1,1,0,1,safe_background,0.0013915300369262695,0.5435644431995964,R_FREE|MACH0_|load_buffer|r_buf_ref|r_rebase_info_new_from_mach0|get_prelink_info_range_from_mach0|R_NEW0|r_cf_value_dict_parse|r_list_new|r_list_push|swizzle_io_read|r_buf_free
idx:200895,200895,positive_weighted_rag_baseline_only,1,vim,CWE-703,1117,43,"call_qftf_func(qf_list_T *qfl, int qf_winid, long start_idx, long end_idx)",1,0,0,0,0,safe_background,-0.0023993849754333496,0.954434002924965,dict_add_number|call_qftf_func|dict_alloc_lock|IS_QF_LIST|call_callback|clear_tv|dict_unref
idx:212927,212927,positive_weighted_rag_baseline_only,1,qemu,CWE-835,320,11,"static void sungem_send_packet(SunGEMState *s, const uint8_t *buf,",1,1,1,0,1,safe_background,-0.001790463924407959,1.0,sungem_send_packet|qemu_get_queue|receive|qemu_send_packet
idx:197565,197565,positive_weighted_rag_baseline_only,1,wolfMQTT,CWE-787,7554,241,"static int MqttClient_WaitType(MqttClient *client, void *packet_obj,",1,1,1,0,1,vulnerable_changed,0.004338979721069336,0.5435644431995964,PRINTF|wm_SemUnlock|wm_SemLock|s|MqttClient_RespList_Find|MqttIsPubRespPacket|MqttClient_WaitType|MqttPacket_TypeDesc|MqttClient_RespList_Remove|MqttPacket_Read|MqttClient_DecodePacket|MqttClient_HandlePacket|MqttClient_ReturnCodeToString
idx:197760,197760,positive_weighted_rag_baseline_only,1,tensorflow,CWE-125,1030,24,"TfLiteStatus EvalGatherNd(TfLiteContext* context, const TfLiteTensor* params,",1,0,0,0,0,vulnerable_changed,0.0020112991333007812,0.5435644431995964,EvalGatherNd|ReportError|TfLiteTypeGetName
idx:195029,195029,positive_weighted_rag_baseline_only,1,tensorflow,CWE-125,2052,62,void Node::RunForwardTypeInference() {,1,0,1,0,1,vulnerable_changed,0.002110421657562256,0.954434002924965,size|DebugString|DCHECK|dst_input|at|ClearTypeInfo|def|type_id|args_size|emplace_back|RunForwardTypeInference|VLOG|input_nodes|input_idx|IsControlEdge|src|src_output|FullTypeDef|has_experimental_type|experimental_type
idx:198282,198282,positive_weighted_rag_baseline_only,1,tensorflow,CWE-369,4587,100,"void ReshapeSparseTensor(OpKernelContext *context,",1,1,0,0,1,vulnerable_changed,0.003368377685546875,0.8112781244591328,OP_REQUIRES|InvalidArgument|shape|DebugString|num_elements|OP_REQUIRES_OK|IsVector|dim_size|AddDim|set_output|allocate_output|TensorShape|ReshapeSparseTensor|IsMatrix|NumElements|input_shape|target_shape|set_dim|dims|output_shape_vec
idx:200287,200287,positive_weighted_rag_baseline_only,1,linux,CWE-200,3449,121,"static int __tipc_sendmsg(struct socket *sock, struct msghdr *m, size_t dlen)",1,0,0,0,1,vulnerable_changed,0.008393645286560059,1.0,unlikely|msg_set_type|msg_set_hdr_sz|msg_set_lookup_scope|__tipc_sendmsg|sock_net|tipc_sk|sock_sndtimeo|tipc_sk_type_connectionless|tipc_uaddr_valid|tipc_send_group_bcast|tipc_send_group_anycast|tipc_send_group_unicast|tipc_send_group_mcast|msg_set_syn|tipc_sendmcast|tipc_node2scope|tipc_nametbl_lookup_anycast|tipc_wait_for_cond|tipc_dest_find
idx:195022,195022,positive_weighted_rag_baseline_only,1,glewlwyd,CWE-287,10298,141,"int callback_glewlwyd_user_auth (const struct _u_request * request, struct _u_response * response, void * user_data) {",1,1,1,0,1,vulnerable_changed,0.0025119781494140625,0.5435644431995964,json_object_get|json_string_value|y_log_message|check_result_value|user_session_update|glewlwyd_metrics_increment_counter_va|json_string_length|o_free|ulfius_set_string_body_response|get_session_id|u_map_get_case|json_decref|ulfius_add_cookie_to_response|generate_session_id|json_is_object|callback_glewlwyd_user_auth|ulfius_get_json_body_request|get_ip_source|get_client_hostname|time
idx:195040,195040,positive_weighted_rag_baseline_only,1,tensorflow,CWE-476,2726,62,"Status BuildXlaCompilationCache(DeviceBase* device, FunctionLibraryRuntime* flr,",1,1,0,0,1,vulnerable_changed,0.003389716148376465,0.8112781244591328,ValueOrDie|xla_device_metadata|ok|status|XlaCompilationCache|OK|device_type|type|BuildXlaCompilationCache|client|jit_device_type|PlatformWithId|platform_id|GetForPlatform|cases|operations|compilation|code|Unimplemented|Name
idx:216861,216861,positive_weighted_rag_baseline_only,1,openssl,CWE-125,10741,315,EC_GROUP *EC_GROUP_new_from_ecparameters(const ECPARAMETERS *params),1,0,1,0,1,vulnerable_changed,0.0076334476470947266,0.8112781244591328,ECerr|BN_set_bit|BN_free|ASN1_INTEGER_to_BN|EC_GROUP_free|BN_bin2bn|OBJ_obj2nid|BN_is_negative|BN_is_zero|BN_num_bits|cofactor|EC_GROUP_set_generator|EC_GROUP_set_seed|EC_GROUP_new_from_ecparameters|BN_new|ASN1_INTEGER_get|EC_GROUP_new_curve_GF2m|EC_GROUP_new_curve_GFp|seed|OPENSSL_free
